,latitude,longitude
0,42.326988,-71.110632
1,41.283665,-72.960451
2,42.502902,-71.272671
3,43.0123,-71.4408
4,41.833799,-71.434755
5,42.065109,-71.054714
6,42.329521,-71.11084
7,42.270702,-71.171977
8,42.347444,-72.686019
9,41.702491,-72.734967
10,41.284505,-72.957551
11,44.279805,-69.701815
12,43.648498,-72.342911
13,42.366399,-71.059
14,47.268218,-68.59227
15,46.134289,-67.843494
16,45.054001,-69.882826
17,46.879240,-68.010621
18,44.803131,-68.759952
19,42.881324,-73.197145
20,,
21,44.462762,-73.218405
22,45.189342,-67.280114
23,43.974999,-71.12951
24,41.408815,-73.436193
25,42.586386,-71.804478
26,42.282982,-71.417435
27,42.625979,-70.680109
28,42.577188,-72.624378
29,42.774145,-71.079996
30,41.651829,-70.294084
31,41.349514,-72.103072
32,42.9149521,-72.2587535
33,44.0705520,-70.1896730
34,45.354900,-68.525800
35,44.299165,-71.768633
36,42.621041,-71.314635
37,42.470253,-70.959968
38,41.529836,-71.296270
39,41.636098,-70.929401
40,44.932056,-72.181292
41,42.451500,-73.251736
42,41.923293,-70.65666
43,43.6606433,-70.2480035
44,43.087398,-70.816069
45,42.272606,-71.030809
46,44.551716,-70.557421
47,43.607158,-72.984773
48,43.514900,-70.429500
49,43.242624,-70.898509
50,42.109866,-72.600073
51,41.062238,-73.541770
52,43.4472,-71.6196
53,41.553692,-73.037668
54,41.71508,-72.228628
55,41.929995,-73.075855
56,42.297203,-71.767824
57,43.0110,-71.3891
58,44.8065858,-68.7762882
59,44.4731,-71.1752
60,42.348372,-71.098096
61,42.055294,-71.066743
62,41.649848,-70.312653
63,46.844559,-68.047519
64,41.404983,-73.462863
65,41.664980,-72.640160
66,42.915372,-72.249395
67,44.075025,-70.175285
68,42.6446393,-71.3039383
69,43.072469,-71.454268
70,41.6441916,-70.8993251
71,41.262240,-73.005625
72,41.524635,-72.073405
73,43.674841,-70.294884
74,41.721381,-71.403793
75,43.455480,-70.789797
76,44.460255,-73.180318
77,42.107384,-72.598522
78,43.642784,-72.333126
79,42.250524,-71.769832
80,42.951843,-78.812706
81,42.651635,-73.776228
82,42.343603,-77.347137
83,42.901053,-77.270460
84,43.039311,-76.138228
85,43.010471,-78.200228
86,42.951263,-78.813542
87,43.0492421,-76.1640215
88,42.940891,-76.564864
89,42.300600,-75.472100
90,42.109221,-75.867988
91,,
92,42.231603,-73.878184
93,42.860048,-73.765140
94,41.800645,-77.973865
95,42.4839638,-79.3288930
96,42.090925,-76.798892
97,42.961411,-74.386527
98,43.306542,-73.652602
99,42.094332,-79.254410
100,41.937811,-74.017363
101,42.830904,-78.804836
102,43.13707,-78.692923
103,44.848774,-74.293538
104,44.935639,-74.907423
105,43.0948420,-79.0352870
106,42.081600,-78.427500
107,43.402584,-76.429696
108,44.6795150,-73.4522130
109,43.114800,-77.609131
110,43.213164,-75.418221
111,44.330205,-74.133069
112,42.823434,-73.909843
113,42.503666,-78.683155
114,42.47239,-76.396791
115,42.732576,-73.690262
116,43.968497,-75.877822
117,41.741206,-77.270130
118,42.147334,-77.973700
119,44.209868,-73.514233
120,42.720441,-73.808686
121,42.100509,-75.910410
122,42.901703,-78.871748
123,43.106516,-77.576465
124,43.049316,-76.141649
125,43.976572,-75.912127
126,41.238024,-73.931274
127,40.752661,-74.236115
128,40.736317,-73.977115
129,40.608155,-74.031582
130,41.540074,-73.959883
131,40.753644,-74.234130
132,41.238024,-73.931274
133,40.868823,-73.903038
134,40.685200,-74.547500
135,40.736180,-73.976485
136,40.899448,-73.306281
137,40.692572,-73.767919
138,40.723691,-73.244607
139,41.4143830,-73.6703580
140,40.697340,-73.985422
141,40.726055,-73.552866
142,41.980639,-73.660120
143,40.658868,-74.198152
144,41.3953730,-74.3396950
145,40.895801,-74.052171
146,40.238932,-74.698326
147,40.807257,-73.943881
148,40.073220,-74.127817
149,40.719599,-74.043706
150,41.660307,-74.695264
151,40.831329,-74.507311
152,41.157550,-73.984770
153,40.7682600,-72.9970840
154,40.897590,-74.158982
155,40.552812,-74.476689
156,41.376689,-74.690921
157,41.679451,-73.855612
158,40.914447,-72.663748
159,40.6273260,-74.1946700
160,40.743780,-73.917733
161,40.3097,-74.0391
162,40.664497,-73.708467
163,41.032354,-73.762413
164,40.9329167,-73.8968983
165,40.695831,-73.325217
166,40.793702,-74.197826
167,40.862745,-73.899831
168,40.697399,-73.986502
169,40.802790,-73.936262
170,41.380946,-74.541534
171,40.706008,-74.012901
172,41.439747,-74.367190
173,40.745097,-73.499504
174,40.685840,-73.864946
175,40.787274,-74.074706
176,40.645778,-74.078127
177,40.255105,-74.792122
178,41.034185,-73.767799
179,40.446498,-79.960084
180,40.488617,-78.398365
181,39.999179,-75.799311
182,42.102947,-80.064313
183,40.317228,-76.397333
184,39.949615,-75.201460
185,40.873800,-79.945000
186,40.497056,-79.890947
187,40.446498,-79.960084
188,41.248057,-75.840151
189,39.738676,-75.607143
190,39.9413989,-75.1189349
191,39.954892,-75.146439
192,40.580550,-75.520375
193,40.814398,-79.545353
194,41.888349,-80.804704
195,39.368749,-74.560425
196,40.679734,-80.310608
197,40.076758,-80.917392
198,40.240801,-76.934558
199,38.946865,-74.888395
200,41.132265,-79.402864
201,41.054044,-76.238091
202,40.683181,-80.111677
203,41.621174,-80.210371
204,39.446888,-75.048812
205,41.124889,-78.728041
206,39.925733,-79.727531
207,40.010516,-74.617998
208,40.391326,-77.913291
209,40.616429,-79.173399
210,40.305855,-78.826938
211,39.138750,-75.526604
212,40.052384,-76.251581
213,40.983681,-80.309088
214,41.956723,-78.647456
215,41.237267,-80.463300
216,40.873904,-75.228463
217,40.695591,-76.185200
218,40.778410,-76.227053
219,40.338106,-75.925793
220,39.304835,-80.354589
221,41.987700,-76.546100
222,40.187680,-75.564407
223,39.922359,-75.348471
224,40.825437,-77.807292
225,38.6799101,-75.3960617
226,41.204350,-75.436966
227,39.4882130,-74.9935850
228,41.400726,-79.811393
229,39.778578,-75.102551
230,40.202654,-75.176002
231,41.905867,-79.151140
232,40.157630,-80.276449
233,41.575349,-75.268256
234,40.297829,-79.508686
235,41.259839,-76.981577
236,39.972438,-76.682805
237,40.094905,-74.859182
238,41.125600,-78.754600
239,42.124551,-80.082543
240,40.270554,-76.893152
241,40.050587,-76.247999
242,40.3374280,-79.8086884
243,40.1281372,-75.3223046
244,39.606190,-79.948560
245,39.9531759,-75.1531584
246,40.035163,-75.119259
247,40.4272250,-80.0570070
248,41.395827,-75.669096
249,38.696267,-75.399671
250,39.337096,-74.484755
251,40.042074,-80.685799
252,41.242898,-77.001051
253,39.754449,-75.623295
254,39.289405,-76.623864
255,39.289785,-76.624281
256,39.269200,-80.363100
257,39.336506,-76.597778
258,39.413700,-77.916135
259,39.551923,-76.066749
260,38.931022,-77.010443
261,39.29018,-76.618448
262,38.665500,-80.706600
263,38.551648,-76.056010
264,38.829366,-76.993826
265,38.925937,-76.983623
266,39.653600,-78.758769
267,38.70971,-77.146988
268,39.439167,-77.420665
269,39.206000,-76.444900
270,39.096973,-76.726124
271,38.643400,-79.330717
272,39.131800,-76.638400
273,39.636186,-77.696546
274,38.432798,-78.900971
275,39.336506,-76.597778
276,39.627900,-79.985661
277,38.994872,-79.118066
278,38.076136,-75.569479
279,38.474241,-76.775740
280,38.808748,-76.899619
281,39.1192160,-78.2007256
282,39.097091,-79.683849
283,39.281946,-81.550228
284,39.3999050,-76.6098470
285,39.5108625,-76.1678890
286,38.768625,-77.116933
287,38.9600654,-76.5103119
288,39.273091,-76.502663
289,39.385947,-76.735192
290,39.605735,-75.787440
291,39.448442,-77.979858
292,38.780897,-76.890482
293,38.345193,-75.580757
294,39.014943,-77.057304
295,38.940617,-77.029267
296,35.587611,-82.488587
297,37.767516,-81.190922
298,36.009810,-78.937394
299,35.089360,-78.878109
300,37.018640,-76.330820
301,37.498552,-77.470078
302,37.276047,-80.024314
303,35.683484,-80.486366
304,35.90217,-78.781025
305,35.90217,-78.781025
306,34.017953,-78.284453
307,35.042741,-78.918024
308,35.027147,-79.051605
309,35.7276,-81.285804
310,36.2986471,-76.2613423
311,35.28127,-80.731709
312,38.020523,-78.441415
313,36.787498,-76.25605
314,36.6109896,-79.4057685
315,36.0308190,-78.9351210
316,36.689826,-77.52635
317,35.175668,-83.374287
318,38.311119,-77.477932
319,35.403606,-77.953992
320,37.863787,-80.398720
321,34.885776,-79.702228
322,36.030819,-78.935119
323,34.795348,-77.413012
324,37.401586,-79.188650
325,34.739084,-76.809219
326,35.7764571,-78.5832496
327,35.741577,-78.639531
328,34.6475155,-79.1704569
329,,
330,38.135791,-79.087518
331,37.125964,-81.489919
332,36.845864,-76.165105
333,34.276184,-77.912297
334,36.058211,-80.303420
335,36.9746728,-81.0079268
336,37.780563,-81.169391
337,35.3220728,-80.7745322
338,35.116244,-78.879756
339,36.0732,-79.845641
340,35.59852,-77.401171
341,34.779255,-77.415067
342,36.864391,-76.279214
343,37.369267,-81.095326
344,35.899566,-78.788711
345,37.579836,-77.495233
346,37.263032,-79.947121
347,36.8313160,-76.1313220
348,35.617363,-77.398878
349,33.802145,-84.310303
350,33.505021,-86.801317
351,32.539216,-82.941971
352,32.443771,-85.711266
353,32.378389,-86.246213
354,33.468313,-82.025443
355,32.785131,-79.953457
356,33.192487,-87.489242
357,33.977229,-80.959539
358,34.025700,-83.318600
359,31.2529036,-85.4153744
360,31.848910,-81.589000
361,34.2227004,-85.1529997
362,32.4045713,-87.0569996
363,33.589453,-85.057900
364,32.790799,-80.048945
365,33.520699,-81.721467
366,31.576686,-84.159813
367,34.535154,-82.630579
368,33.613800,-85.827700
369,33.782123,-84.278397
370,33.853818,-84.613674
371,32.389420,-80.682387
372,33.374888,-86.989975
373,34.880009,-83.955811
374,31.249593,-81.478802
375,33.2794733,-86.3562645
376,32.470302,-84.974007
377,31.212251,-85.363650
378,,
379,34.220190,-79.798330
380,33.709824,-84.428325
381,,
382,33.963430,-86.031924
383,32.964179,-79.965313
384,34.814937,-82.416196
385,34.361420,-86.298054
386,,
387,33.852231,-84.259557
388,34.725647,-86.621459
389,33.841259,-87.236749
390,33.967380,-84.010591
391,32.833701,-83.737307
392,33.080143,-83.232099
393,33.672600,-78.933800
394,33.40148,-84.710783
395,34.206936,-83.892032
396,33.522567,-80.855633
397,32.4840610,-83.6182370
398,34.977271,-81.024710
399,32.001386,-81.136378
400,34.751925,-87.680773
401,34.991879,-81.943927
402,32.440941,-81.765006
403,33.512071,-84.225262
404,33.929071,-80.350549
405,31.501341,-87.326146
406,31.3492420,-85.7050300
407,33.793066,-84.368281
408,,
409,33.505549,-86.814107
410,32.896743,-80.016246
411,34.007478,-81.029178
412,34.852549,-82.389135
413,34.689400,-86.602700
414,33.969694,-84.030582
415,32.841770,-83.628012
416,33.9502108,-84.5238451
417,32.381911,-86.230725
418,32.466023,-84.986955
419,33.708743,-78.882513
420,32.0041820,-81.1078270
421,29.6356950,-82.3461770
422,18.390498,-66.079277
423,27.813716,-82.777236
424,28.064523,-82.428045
425,28.071030,-82.357986
426,30.181935,-82.635727
427,29.638952,-82.343370
428,25.790782,-80.216578
429,28.365446,-81.274924
430,26.785269,-80.112219
431,30.344911,-81.662763
432,28.579242,-81.323254
433,26.68378,-81.916892
434,18.237114,-67.159403
435,28.300397,-82.669958
436,17.987928,-66.60367
437,30.2551290,-81.5879650
438,30.4565160,-84.2403058
439,28.980318,-82.005170
440,18.267592,-66.702113
441,28.255333,-80.738195
442,29.206004,-81.062049
443,27.310449,-80.401812
444,18.457119,-66.747179
445,26.358703,-80.104682
446,27.493948,-82.492198
447,28.533638,-82.482692
448,,
449,,
450,,
451,28.553173,-81.725235
452,18.07937,-66.36148
453,28.5846,-81.305026
454,26.304117,-80.131861
455,26.437722,-80.118742
456,27.429251,-80.350302
457,17.978108,-66.119979
458,25.773224,-80.219426
459,25.773224,-80.219426
460,26.002894,-80.180737
461,25.479316,-80.477593
462,25.163730,-80.380697
463,24.568532,-81.751860
464,28.313057,-81.408499
465,27.9881012,-81.9964540
466,28.905553,-82.480291
467,28.81,-81.88
468,30.747500,-85.181800
469,26.161953,-81.774249
470,29.186398,-82.152898
471,27.256156,-80.830332
472,28.9139315,-81.3021358
473,29.654195,-81.672363
474,28.0923450,-82.7381890
475,26.031504,-80.235587
476,30.127869,-83.576125
477,26.969374,-82.082316
478,29.862251,-81.325842
479,17.728124,-64.761607
480,18.340663,-64.917961 
481,27.298617,-82.456726
482,27.465424,-81.435101
483,27.310449,-80.401812
484,30.781100,-81.616200
485,18.333767,-64.781818
486,27.780559 ,-82.646818 
487,27.164400,-80.243000
488,30.868452,-83.289918
489,27.632593,-80.380708
490,18.147462,-65.444881
491,31.231823,-82.341851
492,26.193533,-80.282561
493,28.258295,-82.182713
494,18.471200,-66.723300
495,28.0371769,-82.7381157
496,28.546564,-81.727483
497,29.234663,-81.047269
498,26.131919,-80.141010
499,26.603524,-81.854655
500,29.654166,-82.422234
501,30.332022,-81.652263
502,26.9321730,-80.1267590
503,25.163730,-80.380697
504,,
505,28.121803,-80.655325
506,25.798287,-80.332091
507,26.16184,-81.772091
508,29.159920,-82.163586
509,28.4801970,-81.3109090
510,26.628272,-80.076969
511,28.258441,-82.18222
512,26.267631,-80.260881
513,18.378506,-66.094272
514,27.813609,-82.778054
515,18.392700,-66.087700
516,27.283965,-82.513913
517,17.719300,-64.833600
518,27.789998,-82.733113
519,18.3325504,-64.9202457
520,30.467687,-84.272986
521,28.025503,-82.50185
522,38.417242,-82.442654
523,38.029411,-84.506248
524,36.141841,-86.804872
525,38.384175,-82.516579
526,38.029411,-84.506248
527,38.076951,-84.540931
528,35.142717,-90.026466
529,36.310500,-82.373300
530,38.269967,-85.693680
531,35.910882,-86.383621
532,36.142337,-86.804621
533,36.629257,-82.149065
534,36.156888,-86.802979
535,35.009908,-85.211812
536,36.1449127,-85.5231060
537,38.836609,-82.152096
538,36.8641287,-87.4886068
539,37.796949,-82.285356
540,35.6626437,-85.7858443
541,36.156888,-86.802979
542,,
543,36.967541,-86.428584
544,38.306073,-81.563418
545,,
546,36.5199230,-87.3045860
547,35.220591,-89.909939
548,36.483210,-87.824064
549,36.0463505,-89.3796329
550,,
551,34.521515,-90.617638
552,34.767597,-89.448689
553,35.653079,-88.834752
554,35.8188135,-90.7304912
555,,
556,35.9237740,-84.0475620
557,36.352333,-84.157796
558,,
559,35.628149,-87.027938
560,36.166830,-86.807109
561,35.035446,-90.028914
562,36.215913,-83.282685
563,36.934671,-82.627476
564,37.727695,-82.770407
565,36.4008625,-83.0137426
566,35.2133400,-88.2386900
567,35.8534957,-83.5380032
568,35.360200,-86.213700
569,34.298300,-88.703825
570,37.598355,-84.322769
571,37.253983,-83.200750
572,38.142455,-83.336792
573,37.082229,-84.62665
574,38.663000,-85.140275
575,38.233283,-85.630662
576,37.9041761,-85.9402768
577,37.493311,-86.239906
578,38.332917,-85.817778
579,38.196854,-85.681218
580,38.706581,-85.789189
581,38.194024,-85.806986
582,37.219822,-82.102005
583,38.361940,-81.649235
584,35.010790,-85.214203
585,38.391529,-82.401054
586,36.312626,-82.38284
587,35.991548,-83.890254
588,38.065531,-84.524484
589,37.901965 ,-81.987676
590,38.230743,-85.759207
591,35.1361500,-90.0150380
592,36.094022,-86.678438
593,39.281946,-81.550228
594,39.979917,-82.912759
595,39.383098,-83.010934
596,39.137929,-84.509344
597,39.749220,-84.253270
598,41.512699,-81.613377
599,40.793338,-81.376732
600,41.126733,-80.664176
601,41.029142,-81.528897
602,39.331100,-82.120839
603,39.100193,-84.485162
604,40.004785,-81.576108
605,39.11185,-84.304610
606,40.709300,-80.545700
607,38.993367,-84.640391
608,38.863303,-83.886269
609,39.880716,-83.054720
610,39.379488,-84.549998
611,39.731893,-82.617712
612,39.127853,-84.840939
613,40.731918,-84.081595
614,41.458700,-82.170400
615,40.731339,-82.551519
616,39.423821,-81.436006
617,40.567570,-83.121612
618,41.479682,-81.715684
619,39.50891,-84.316225
620,40.505501,-81.457147
621,40.041404,-82.468242
622,41.725121,-81.248381
623,41.417903,-81.745363
624,38.733900,-82.994900
625,41.174475,-81.245406
626,39.841466,-84.887738
627,41.419403,-82.689814
628,39.915354,-83.770200
629,41.245701,-80.834562
630,39.445124,-83.83667
631,39.9735484,-82.0116821
632,39.103102,-84.528768
633,41.417008,-81.537306
634,39.972492,-83.003831
635,39.747213,-84.197506
636,41.4799090,-81.7157000
637,41.407166,-81.741623
638,40.797304,-81.375089
639,41.089977,-85.107979
640,43.443809,-83.961045
641,42.345081,-85.292702
642,42.355021,-83.060090
643,39.779551,-86.186952
644,42.287606,-83.715742
645,40.131658,-87.592239
646,40.523619,-85.637036
647,41.089893,-85.109644
648,43.799124,-83.046990
649,42.1157071,-86.4567635
650,39.161931,-86.555689
651,40.782475,-89.68121
652,44.277969,-85.406665
653,45.760407,-84.731063
654,43.811461,-84.748489
655,45.060600,-83.431300
656,39.892292,-88.915874
657,42.992106,-83.773303
658,45.019323,-84.677792
659,41.608443,-85.879651
660,44.709417,-84.710123
661,39.8247220,-86.2809564
662,42.2352936,-84.3360737
663,42.710800,-84.553163
664,39.424493,-86.405814
665,39.4783148,-88.3765515
666,40.1863738,-85.4166188
667,43.163525,-86.235727
668,44.4516572,-83.3519718
669,40.76817,-86.078398
670,42.614521,-83.272476
671,43.467677,-83.965692
672,41.67231,-86.253943
673,39.7155102,-89.6396060
674,39.424590,-87.417749
675,41.617455,-83.60051
676,44.732922,-85.617611
677,40.471886,-86.885184
678,42.857519,-85.713579
679,43.114687,-82.790917
680,42.303812,-83.263342
681,42.35034,-83.063573
682,41.0314680,-85.1433156
683,42.926102,-85.608880
684,39.90682,-86.199539
685,42.610073,-82.952875
686,40.7879636,-89.6311801
687,,
688,43.446189,-83.964901
689,39.788951,-89.644055
690,41.610483,-83.625564
691,44.740538,-85.643742
692,42.305390,-87.859356
693,43.019659,-87.976280
694,41.858200,-87.835700
695,41.869798,-87.67641
696,45.811344,-88.061043
697,44.001208,-90.496586
698,43.073998,-89.428907
699,42.300660,-87.851105
700,42.309755,-87.850601
701,41.445773,-87.340532
702,44.281839,-88.455093
703,41.753331,-87.643971
704,41.7999280,-88.3242910
705,43.459976,-89.767347
706,43.47979,-88.811478
707,41.504270,-87.639067
708,44.946232 ,-90.547507
709,43.921100,-87.729100
710,42.045772,-88.276773
711,42.041084,-87.700206
712,42.312865,-87.839624
713,42.291308,-89.671079
714,44.522191,-87.940930
715,47.130971,-88.591487
716,46.463316,-90.183737
717,42.72226,-88.994419
718,41.535182,-88.052073
719,41.163099,-87.879403
720,42.555363,-87.834357
721,41.893733,-87.622361
722,41.365881,-89.105934
723,45.947016,-86.233526
724,46.556822,-87.416014
725,42.323057,-88.268614
726,45.107977,-87.616671
727,41.707356,-87.739444
728,42.3128868,-87.8396251
729,45.646100,-89.400400
730,43.795251,-91.217164
731,42.278107,-88.998395
732,46.4984,-84.34949
733,42.698488,-88.080153
734,42.297001,-87.867496
735,44.958852,-89.675834
736,44.388028,-89.818183
737,,
738,43.073998,-89.428907
739,43.059191,-89.467269
740,43.7953310,-91.2192150
741,41.51278,-87.647382
742,41.753545,-87.643859
743,41.7443030,-88.2280789
744,45.745886,-87.099247
745,42.019535,-87.699882
746,41.449304,-87.335514
747,44.5003550,-88.0395290
748,43.821433,-91.249171
749,43.113879,-89.362995
750,43.161667,-88.004322
751,41.885913,-87.794465
752,41.6010520,-87.8296500
753,42.2904339,-88.9781695
754,41.626517,-86.234776
755,44.957115,-89.664297
756,38.494037,-90.283486
757,38.937462,-92.327533
758,36.772300,-90.418400
759,39.0672433,-94.5277165
760,37.729789,-88.956925
761,37.681213,-97.274674
762,39.02743,-95.724933
763,39.276428,-94.899555
764,38.491313,-90.283128
765,38.641593,-90.229960
766,37.986064,-87.477992
767,38.9396127,-94.7023558
768,39.350576,-94.762468
769,38.554077,-90.040313
770,38.812420,-94.499703
771,39.735346,-94.250908
772,37.300802,-89.571035
773,37.7269587,-89.1965620
774,37.675227,-95.471067
775,37.778900,-99.997441
776,39.142158,-88.554269
777,38.412319,-96.194067
778,39.340308,-94.263085
779,37.7721924,-90.4440408
780,37.766376,-92.116310
781,37.830354,-94.713761
782,38.280681,-95.249459
783,37.415345,-87.464444
784,37.7285231,-88.5355840
785,38.868694,-99.329406
786,39.046336,-94.451158
787,38.634640,-90.213664
788,38.086001,-97.894942
789,38.572096,-92.223688
790,39.016100,-96.864600
791,40.185977,-92.571710
792,38.009644,-92.743385
793,38.964420,-95.261823
794,37.038780,-100.922282
795,38.565500,-94.863600
796,37.344687,-92.927102
797,36.725945,-88.629359
798,39.136971,-91.892886
799,39.064151,-94.526565
800,38.3072678,-88.9384383
801,39.837883,-96.078247
802,37.843000,-94.346900
803,37.7376757,-87.0916782
804,37.069138,-88.686162
805,36.039181,-90.511749
806,37.365595,-95.260579
807,37.635846,-91.536234
808,38.839800,-97.588618
809,38.703997,-93.271418
810,36.86868,-89.585347
811,38.72071,-90.697487
812,38.003431,-91.617959
813,39.793794,-94.811719
814,38.796116,-90.233831
815,38.625440,-90.267881
816,38.635872,-90.216849
817,38.658971,-87.531316
818,38.780849,-93.705264
819,38.539553,-90.993155
820,36.7424,-91.8702
821,39.103342,-94.639921
822,38.6976010,-90.4060940
823,38.991325,-92.323874
824,38.596119,-90.053582
825,37.986670,-87.474741
826,39.039007,-94.587421
827,39.063509,-94.581987
828,39.178106,-96.561625
829,38.634581,-90.220320
830,37.688872,-97.339703
831,37.743917,-88.995628
832,31.25,-92.48
833,34.773349,-92.291204
834,34.745082,-92.321860
835,32.326930,-90.171025
836,30.408231,-88.947051
837,29.70535,-95.386219
838,32.500126,-93.724306
839,29.953780,-90.079519
840,36.077360,-94.156916
841,29.6965850,-95.4006020
842,29.777172,-95.735906
843,30.404050,-91.100518
844,30.077700,-94.139100
845,30.7878018,-89.8603078
846,36.664744,-93.253341
847,32.492977,-93.753718
848,31.3532875,-94.7649655
849,33.493163,-88.365753
850,30.282570,-95.471884
851,,
852,30.460600,-86.574600
853,33.219900,-92.638900
854,36.104303,-95.871248
855,,
856,29.8059542,-91.4989514
857,35.372353,-94.417705
858,29.2910336,-94.8080279
859,37.111548,-93.818774
860,33.376957,-91.029870
861,30.488890,-90.482480
862,36.242100,-93.099100
863,31.327465,-89.368688
864,34.489270,-93.036983
865,29.598661,-90.730689
866,35.770757,-95.336443
867,36.4149986,-94.8116339
868,30.238356,-92.661496
869,30.400355,-87.292853
870,32.481865,-93.705237
871,33.059481,-89.594870
872,30.213982,-92.008757
873,29.031858,-95.453682
874,32.503387,-94.724059
875,31.2496860,-90.4680800
876,34.643376,-94.198322
877,32.369716,-88.699519
878,30.692567,-88.072231
879,32.529708,-92.098734
880,36.341969,-92.391678
881,31.565031,-91.351521
882,,
883,29.9535915,-90.0792993
884,35.4899690,-93.8546977
885,30.1766979,-85.7596447
886,34.1924489,-92.0575648
887,29.560019,-95.693922
888,35.2847511,-93.1652713
889,35.2350828,-91.7320876
890,30.3096154,-89.7759757
891,30.062700,-90.554200
892,33.469970,-94.033000
893,29.400243,-95.013622
894,30.092081,-95.628757
895,30.400585,-91.105994
896,30.204963,-85.646656
897,30.402398,-88.947013
898,36.081452,-94.156398
899,29.9889630,-95.4830910
900,29.734243,-95.422829
901,29.779787,-95.456897
902,32.332847,-90.144196
903,30.085659,-94.128349
904,34.6052115,-98.4034670
905,34.756243,-92.269134
906,30.672186,-88.099394
907,30.0064813,-90.2370897
908,30.446826,-86.577676
909,35.519319,-97.528966
910,30.4093130,-87.2804540
911,31.295295,-92.505338
912,32.484638,-93.724372
913,37.1481400,-93.2958877
914,36.142109,-95.940531
915,35.203169,-101.905333
916,31.077843,-97.349120
917,31.821810,-106.461590
918,29.508252,-98.580819
919,32.694882,-96.789985
920,26.168825,-97.667552
921,32.231915,-101.471326
922,32.693631,-96.792586
923,31.513097,-97.163213
924,30.013686,-99.116354
925,33.581668,-96.167161
926,26.1719090,-97.6664320
927,30.205433,-97.691009
928,29.4907880,-98.5517661
929,27.757726,-97.457181
930,27.758902,-97.455615
931,27.762318,-97.462674
932,32.668718,-97.299058
933,29.516343,-98.597452
934,26.171719,-97.668790
935,27.537685,-99.474203
936,33.542300,-101.849600
937,26.208442,-98.210557
938,29.603405,-98.461376
939,32.693493,-96.841005
940,29.5171649,-98.5693500
941,29.5786680,-98.5664730
942,31.087119,-97.397164
943,32.262253,-95.306920
944,32.262253,-95.306920
945,28.821281,-96.989700
946,32.404492,-99.767172
947,28.407123,-97.732598
948,33.221884,-97.760170
949,31.726900,-99.012100
950,30.582533,-96.292167
951,30.523467,-97.822968
952,34.491456,-100.194964
953,34.433747,-103.194306
954,36.063155,-102.521917
955,33.1936060,-97.1054100
956,31.7642580,-106.3165790
957,30.8891252,-102.8792057
958,32.457136,-97.689846
959,33.1289196,-96.1228169
960,32.715044,-103.138425
961,29.909801,-96.867755
962,32.299942,-106.741884
963,29.700785,-98.143718
964,29.5179010,-98.4195070
965,29.4865987,-98.5701494
966,31.738740,-95.606202
967,29.3753500,-98.4117170
968,31.917130,-102.295362
969,31.470811,-100.404995
970,29.5689651,-97.9606970
971,33.677122,-96.606174
972,29.3742060,-98.4020860
973,32.928848,-99.784235
974,29.2244726,-99.7613202
975,32.693631,-96.792586
976,30.237283,-97.738637
977,27.712957,-97.387945
978,32.7702640,-96.6039930
979,32.890836,-96.769822
980,32.730532,-97.339587
981,31.066883,-97.663920
982,27.556206,-99.478032
983,26.229958,-98.273132
984,29.5253870,-98.3923410
985,29.534201,-98.680781
986,37.320681,-121.939239
987,32.455642,-99.766177
988,35.055242,-106.577792
989,34.554498,-112.452793
990,33.494904,-112.065973
991,32.181279,-110.968113
992,36.154448,-109.552607
993,34.932595,-110.138856
994,36.919642,-111.459175
995,35.838545,-110.402376
996,36.136181,-111.237961
997,32.928731,-105.963522
998,33.866781,-112.135541
999,32.843662,-104.427878
1000,32.881715,-111.705980
1001,34.731121,-112.028656
1002,37.284062,-107.873247
1003,35.990114,-106.085229
1004,36.761539,-108.148328
1005,35.184620,-111.672511
1006,35.502536,-108.739428
1007,33.412254,-110.827519
1008,31.8544220,-110.9978010
1009,35.191113,-114.015822
1010,34.478677,-114.333650
1011,35.595725,-105.216663
1012,33.590322,-111.834289
1013,35.227398,-106.661547
1014,33.647698,-112.364223
1015,34.241794,-111.308634
1016,36.881897,-104.438592
1017,32.839170,-109.716027
1018,35.612292,-106.028635
1019,34.202131,-110.021043
1020,31.556547,-110.275968
1021,32.795044,-108.262958
1022,33.292778,-111.755446
1023,36.372047,-105.595100
1024,33.5725810,-112.1132980
1025,33.150480,-107.246080
1026,32.337191,-111.030217
1027,32.117317,-110.772614
1028,32.672110,-114.623966
1029,35.096658,-106.663746
1030,35.184867,-101.877620
1031,36.154448,-109.552607
1032,31.779660,-106.386922
1033,36.760163,-108.155482
1034,35.8761640,-110.6188940
1035,34.47826,-114.339928
1036,32.308244,-106.779469
1037,33.563440,-101.883715
1038,33.391074,-111.863581
1039,32.035113,-102.122626
1040,33.493594,-112.039751
1041,34.598792,-112.467174
1042,35.650693,-105.952356
1043,32.222139,-110.934712
1044,33.612533,-112.239198
1045,32.698666,-114.603445
1046,32.8940936,-111.7353342
1047,31.553402,-110.277670
1048,35.766886,-95.414055
1049,35.482543,-97.495101
1050,39.732476,-104.935263
1051,46.617778,-112.101389
1052,40.758349,-111.841251
1053,41.145865,-104.787676
1054,39.077183,-108.540342
1055,44.826823,-106.984918
1056,42.7309817,-110.9332093
1057,39.300836,-102.265142
1058,41.2519166,-110.9412795
1059,39.528747,-107.325371
1060,46.2549980,-114.1504089
1061,46.569423,-111.971505
1062,39.681276,-104.819893
1063,41.312632,-105.590789
1064,38.577400,-109.550773
1065,48.7783749,-104.5634610
1066,41.7961118,-107.2167456
1067,38.542773,-106.00788
1068,40.636838,-103.201959
1069,,
1070,36.149166,-95.862456
1071,,
1072,48.5393334,-109.6823714
1073,42.0450899,-104.9515372
1074,44.0119864,-107.9485085
1075,34.7743861,-96.6348094
1076,37.482845,-105.902539
1077,34.636958,-99.316495
1078,46.124448,-112.954299
1079,34.182400,-97.134800
1080,39.744633,-104.836424
1081,45.737653,-108.60539
1082,36.802800,-97.300500
1083,45.682124,-111.038573
1084,42.809187,-106.344099
1085,40.5153776,-107.5448461
1086,48.633192,-112.333746
1087,40.8411732,-115.7579240
1088,39.255836,-114.860349
1089,36.389734,-97.865990
1090,40.5539080,-105.0879610
1091,44.246610,-105.475661
1092,48.1946455,-106.6386443
1093,47.125420,-104.690008
1094,39.717099,-105.135857
1095,47.489890,-111.292038
1096,40.4029690,-104.7934150
1097,34.842779,-95.548386
1098,43.481866,-111.963357
1099,48.211538,-114.332875
1100,37.978024,-103.548558
1101,38.075525,-102.617747
1102,34.6681,-98.4063
1103,47.069990,-109.409950
1104,46.407144,-105.830304
1105,46.886199,-114.030490
1106,38.471127,-107.871467
1107,35.5929239,-97.5684160
1108,41.165517,-111.954970
1109,40.3117901,-111.7289994
1110,38.874533,-104.844261
1111,42.878087,-112.418173
1112,44.7566708,-108.7694497
1113,39.597236,-110.820221
1114,38.312240,-104.626778
1115,43.036199,-108.418916
1116,41.5921560,-109.2426240
1117,40.3021,-109.9961
1118,41.142636,-102.976480
1119,37.112064,-113.547087
1120,36.115836,-97.080719
1121,36.6369490,-95.1433119
1122,40.710156,-112.025080
1123,33.906788,-98.506029
1124,39.7286150,-104.9852570
1125,45.7501190,-108.5859080
1126,40.021034,-105.235304
1127,42.863339,-106.334069
1128,41.145487,-104.771122
1129,38.825294,-104.822453
1130,39.719170,-104.900342
1131,40.5539060,-105.0879610
1132,39.091923,-108.595701
1133,47.507803,111.296421
1134,48.205888,-114.331612
1135,46.874166,-113.992511
1136,42.878695,-112.461278
1137,40.257712,-111.676376
1138,38.3124562,-104.6284571
1139,40.677981,-111.891579
1140,37.080363,-113.604233
1141,61.232006,-149.743395
1142,45.496400,-122.683075
1143,47.563062,-122.308231
1144,47.1345050,-122.5777030
1145,47.562032,-122.310864
1146,43.22808,-123.36576
1147,43.619387,-116.194664
1148,46.052438,-118.355441
1149,47.702108,-117.475774
1150,45.639308,-122.655313
1151,42.442881,-122.832619
1152,43.588095,-119.059552
1153,48.5413191,-117.8916068
1154,58.3013000,-134.4199999
1155,48.393311,-115.548769
1156,43.13776,-115.692513
1157,44.6271590,-124.0614039
1158,48.650477,-118.735111
1159,45.175367,-113.890533
1160,48.297114,-116.544583
1161,45.6004742,-121.1258274
1162,48.706472,-119.439936
1163,45.3507803,-122.6554983
1164,46.6034775,-120.5369193
1165,44.072593,-121.264936
1166,47.569480,-122.663203
1167,42.060011,-124.288398
1168,43.660329,-116.642081
1169,45.520276,-122.672219
1170,45.526400,-122.555358
1171,44.095672,-123.125562
1172,64.827759,-147.629856
1173,45.927558,-116.127043
1174,42.420115,-123.343099
1175,45.533398,-122.879462
1176,60.554601,-151.252028
1177,42.249817,-121.789637
1178,45.313349,-118.086510
1179,46.3972963,-117.0090638
1180,61.5950373,-149.3602509
1181,45.847203,-119.697920
1182,48.4192050,-122.3252734
1183,43.4040006,-124.2365498
1184,46.122481,-123.93621
1185,47.692695,-116.796286
1186,48.113980,-123.415351
1187,46.277181,-119.275407
1188,44.916164,-123.024356
1189,46.688049,-122.957680
1190,42.555026,-114.467295
1191,47.621544,-122.166431
1192,47.291425,-122.320997
1193,47.717873,-122.295722
1194,45.4287310,-117.2752930
1195,47.462888,-120.334249
1196,46.612696,-120.521906
1197,61.179908,-149.889172
1198,48.733495,-122.466304
1199,43.5914490,-116.2121570
1200,44.057695,-121.315012
1201,44.04594,-123.089267
1202,47.973663,-122.206802
1203,64.842551,-147.718576
1204,47.314344,-122.291068
1205,42.483800,-123.374700
1206,60.492835,-151.158361
1207,45.534336,-122.537967
1208,44.9615070,-123.0150240
1209,47.617023,-122.336612
1210,47.686215,-117.230123
1211,47.234293,-122.502866
1212,46.059421,-118.352785
1213,61.582372,-149.429125
1214,46.6034775,-120.5369193
1215,,
1216,46.603585,-120.537318
1217,37.781285,-122.503652
1218,36.772391,-119.780073
1219,37.626009,-121.756613
1220,37.464887,-122.157680
1221,38.573616,-121.295694
1222,21.361973,-157.889200
1223,37.399925,-122.136071
1224,39.516655,-119.800458
1225,36.970609,-121.964667
1226,39.751846,-121.851640
1227,38.268110,-121.960488
1228,14.544311,120.991466
1229,38.116391,-122.287794
1230,37.994676,-122.111991
1231,38.6590140,-121.3872830
1232,38.663526,-121.387310
1233,37.658729,-120.957460
1234,36.651181,-121.802870
1235,21.3345140,-157.9168680
1236,37.8104033,-122.2698771
1237,37.812372,-122.272991
1238,40.565389,-122.368063
1239,38.573616,-121.295694
1240,37.235073,-121.777523
1241,38.942388,-121.099463
1242,37.9747450,-120.3449890
1243,37.879900,-121.282600
1244,20.82656,-156.917072
1245,21.093085,-157.018439
1246,41.7161016,-122.6387971
1247,38.949383,-122.628585
1248,40.781013,-124.181147
1249,37.550499,-121.981396
1250,37.330843,-120.464805
1251,37.338526,-119.66932
1252,37.634599,-122.425655
1253,38.510699,-122.792902
1254,37.782566,-122.397152
1255,36.222651,-119.337455
1256,39.1480301,-123.1984446
1257,14.279306,170.701256
1258,38.925085,-119.751452
1259,,
1260,13.468376,144.747996
1261,19.716996,-155.114973
1262,21.970071,-159.382718
1263,19.6323323,-155.9784871
1264,39.476469,-118.780618
1265,21.37132,-158.027113
1266,20.886339,-156.462344
1267,15.177801,145.750967
1268,39.1336607,-121.6144853
1269,38.2308100,-122.1238610
1270,-14.272535,-170.701189
1271,39.752282,-121.852559
1272,38.6692139,-121.2710150
1273,37.969643,-122.051754
1274,40.782541,-124.162651
1275,36.783961,-119.772257
1276,13.747299,144.751933
1277,19.714971,-155.097091
1278,21.291293,-157.838058
1279,19.691011,-156.016642
1280,21.971059,-159.382330
1281,20.889825,-156.493807
1282,37.651876,-121.031257
1283,38.349491,-122.706236
1284,37.766186,-122.246367
1285,37.456387,-122.171301
1286,39.525986,-119.829271
1287,38.586022,-121.415609
1288,37.781370,-122.419017
1289,37.343469,-121.895370
1290,36.970609,-121.964667
1291,21.330199,-158.085588
1292,34.052162,-118.453045
1293,34.050193,-117.252244
1294,33.775483,-118.117888
1295,32.8751,-117.232232
1296,36.284969,-115.094017
1297,32.746267,-117.189396
1298,33.612338,-114.595504
1299,34.051771,-118.238425
1300,32.782875,-117.097715
1301,36.1588746,-115.0773616
1302,36.2309269,-115.2231514
1303,34.0630379,-117.2417062
1304,32.775085,-117.137102
1305,34.243021,-118.483016
1306,36.0191085,-114.9570999
1307,36.056067,-115.261091
1308,34.051948,-118.452015
1309,33.849991,-117.975009
1310,35.375454,-119.042734
1311,32.622099,-117.071861
1312,36.188598,-115.153799
1313,33.849536,-117.535325
1314,34.015537,-118.155730
1315,33.127311,-117.071894
1316,33.892447,-118.297289
1317,32.780059,-115.570850
1318,33.594869,-117.679070
1319,34.703144,-118.124223
1320,32.775955,-117.140742
1321,33.614845,-117.169106
1322,33.207759,-117.310681
1323,34.183076,-119.160440
1324,36.193728,-115.976327
1325,33.7580070,-116.3562140
1326,34.0972880,-117.5747980
1327,35.279370,-120.660374
1328,33.714412,-117.850064
1329,34.441928,-119.773198
1330,34.952394,-120.409502
1331,32.895384,-117.216674
1332,34.472083,-117.283056
1333,33.791769,-118.222351
1334,33.944155,-118.090351
1335,34.5903130,-118.1438450
1336,35.383735,-119.012947
1337,34.257077,-118.590417
1338,32.65902,-117.030754
1339,33.859807,-117.552454
1340,34.015537,-118.155730
1341,36.0571790,-115.0446110
1342,34.5248340,-117.3294940
1343,36.149588,-115.225689
1344,33.892591,-118.292980
1345,33.782122,-117.897688
1346,34.054796,-117.305897
1347,32.740432,-117.213264
1348,35.265368,-120.640914
1349,33.141202,-117.160906
1350,33.5640678,-117.6603863
1351,33.5290460,-117.1606240
1352,34.279430,-119.288806
1353,33.986432,-118.384476
1354,,
1355,46.90619,-96.77464
1356,41.664351,-91.547027
1357,44.901909,-93.204145
1358,41.245036,-95.974892
1359,43.532838,-96.755862
1360,45.567381,-94.217713
1361,43.435148,-103.474216
1362,44.412674,-103.478156
1363,41.627939,-93.658904
1364,42.0559702,-94.8677146
1365,41.6752251,-91.5782191
1366,45.473837,-98.455305
1367,43.646446,-93.389532
1368,45.8674800,-95.3734362
1369,41.156763,-95.922499
1370,47.472650,-94.888797
1371,41.553430,-90.496931
1372,46.835925,-100.776796
1373,46.3597830,-94.2219690
1374,41.9574896,-91.7258581
1375,44.925004,-91.380285
1376,43.289456,-91.79707
1377,48.114827,-98.850778
1378,46.905011,-102.792293
1379,42.492796,-90.673940
1380,45.059477,-100.855494
1381,47.906772,-91.856641
1382,45.059477,-100.855494
1383,46.303560,-96.076196
1384,42.508298,-94.166519
1385,40.953390,-90.364885
1386,42.811974,-102.200198
1387,48.418557,-97.416419
1388,47.888789,-97.074675
1389,40.942468,-98.358693
1390,46.003937,-91.489828
1391,47.399983,-92.957856
1392,40.444911,-99.379871
1393,45.059477,-100.855494
1394,46.890086,-98.746657
1395,41.320871,-93.113442
1396,40.807288,-96.624859
1397,44.179872,-93.945395
1398,45.033239,-93.030824
1399,42.007402,-92.936206
1400,43.147168,-93.221214
1401,45.716900,-100.969000
1402,48.425126,-101.320121
1403,43.227800,-100.518400
1404,44.955600,-95.711370
1405,43.848596,-104.189681
1406,42.025334,-97.426700
1407,41.122409,-100.757766
1408,45.234074,-93.467345
1409,55.9836868,-4.5797160
1410,42.462411,-98.645404
1411,41.027514,-92.389676
1412,44.377535,-100.318302
1413,43.250300,-102.690000
1414,39.9357040,-91.4037370
1415,44.049793,-103.224142
1416,45.481754,-91.744466
1417,44.079494,-92.521696
1418,41.864342,-103.638435
1419,44.784762,-93.554182
1420,40.761814,-95.384913
1421,42.532575,-96.390405
1422,43.970738,-94.618138
1423,43.423603,-95.108954
1424,41.7898747,-89.7002310
1425,46.697503,-92.104072
1426,43.081615,-98.293219
1427,42.475900,-92.361200
1428,44.88962,-97.068042
1429,48.145567,-103.621642
1430,43.369087,-99.839003
1431,46.794668,-100.801001
1432,45.0952971,-93.3708975
1433,42.019945,-91.701425
1434,41.599859,-93.735349
1435,46.791098,-92.093107
1436,46.863844,-96.832692
1437,40.8131360,-96.6758210
1438,48.211581,-101.316417
1439,41.268097,-95.94744
1440,43.2032060,-101.6820840
1441,41.467132,-90.510926
1442,44.081713,-103.239729
1443,42.532673,-96.390496
1444,43.541215,-96.711558
1445,45.035700,-93.175500
1446,31.321603,-92.433264
1447,30.4490417,-91.1692458
1448,30.414653,-88.945264
1449,32.71765,-96.94683
1450,36.055778,-94.167774
1451,31.825929,-106.423713
1452,35.80551869,-95.23034252
1453,39.64537177,-105.0529603
1454,38.0852638,-103.1322610
1455,29.47658239,-98.43418024
1456,34.765705,-98.352116
1457,35.3846520,-94.4274680
1458,29.933394,-95.455310
1459,30.013746,-99.109670
1460,34.717975,-92.258767
1461,30.646846,-91.248534
1462,31.58184,-91.39706
1463,30.659452,-91.287744
1464,29.420973,-98.466744
1465,45.695408,-108.772836
1466,42.706421,-73.724867
1467,38.8018540,-77.0583510
1468,40.475016,-79.957374
1469,38.976346,-76.505098
1470,40.192531,-77.190887
1471,39.119489,-77.582497
1472,39.2787950,-76.7082880
1473,42.3467740,-77.3494260
1474,40.0536000,-74.9158000
1475,40.9237504,-72.8153130
1476,37.3055760,-77.2965380
1477,37.5889139,-77.2802079
1478,38.881325,-76.977344
1479,38.469985,-77.992157
1480,40.6859749,-73.8808876
1481,36.577463,-79.389666
1482,39.611620,-75.555660
1483,37.4285730,-77.3659745
1484,43.03117,-73.61790
1485,37.434887,-77.235533
1486,39.3352194,-80.0313038
1487,44.257027,-72.599662
1488,37.020533,-76.335903
1489,37.022417,-76.330799
1490,40.420358,-76.575281
1491,40.7547533,-73.4022811
1492,39.281157,-76.674636
1493,41.674480,-70.576810
1494,39.930025,-75.233839
1495,39.930025,-75.233839
1496,44.320534,-69.781041
1497,40.3147902,-80.1576214
1498,35.1237965,-77.0514998
1499,40.058597,-75.152759
1500,38.117606,-76.372074
1501,39.979981,-76.739502
1502,42.848671,-72.556721
1503,38.552633,-77.357396
1504,35.7740920,-78.6205680
1505,37.5152312,-77.3932876
1506,35.6881761,-80.4889866
1507,37.520546,-77.301702
1508,38.140423,-79.050232
1509,37.2804260,-76.7224580
1510,40.2683636,-74.9057853
1511,39.33529,-80.06480
1512,34.237495,-77.922999
1513,39.184422,-78.156496
1514,42.552276,-71.572542
1515,42.113530,-76.826450
1516,33.13081,-86.83598
1517,30.352287,-87.286420
1518,27.810448,-82.778613
1519,32.4396703,-80.6795297
1520,37.7926784,-84.6046802
1521,28.755047,-80.873757
1522,38.2447421,-85.7277885
1523,35.0370661,-85.2854419
1524,34.9250990,-88.5086092
1525,37.651214,-84.768957
1526,39.070560,-84.469613
1527,34.184696,-79.754049
1528,28.6073190,-82.2115830
1529,34.0913426,-80.8520831
1530,32.346346,-85.024156
1531,34.232821,-84.587669
1532,30.544965,-81.717167
1533,35.976301,-83.926614
1534,37.554479,-85.268917
1535,38.0561227,-84.5087091
1536,33.9517370,-84.5414510
1537,35.173637,-89.940898
1538,37.081872,-84.762028
1539,30.6731121,-88.0618416
1540,36.310597,-82.373529
1541,36.2406398,-86.7234723
1542,38.2986796,-85.8056164
1543,18.412597,-66.167553
1544,27.244875,-82.379631
1545,26.58034,-80.20569
1546,29.8858972,-81.3092476
1547,30.427474,-84.188537
1548,38.2762763,-85.6415771
1549,41.3932160,-88.1118930
1550,38.890444,-90.162952
1551,37.031556,-94.769579
1552,44.37037513,-103.4738287
1553,39.8317157,-89.5606851
1554,39.943561,-83.075538
1555,41.769246,-87.600122
1556,41.448940,-82.707961
1557,39.828436,-86.172597
1558,39.824855,-86.171222
1559,40.1317877,-87.5924154
1560,39.748382,-84.259013
1561,43.062461,-89.432076
1562,42.997224,-87.946179
1563,41.331175,-95.993611
1564,43.047478,-91.146381
1565,42.336628,-85.299089
1566,39.347603,-94.930010
1567,45.868313,-84.627566
1568,41.016709,-100.524112
1569,44.402297,-103.477734
1570,37.82136661,-94.69528845
1571,44.865016,-93.223027
1572,44.348299,-89.397789
1573,42.860058,-83.622393
1574,43.43830592,-103.4724475
1575,38.501644,-90.288927
1576,38.5674445,-92.1617121
1577,40.398881,-91.407194
1578,43.021354,-82.432562
1579,39.2740855,-94.89321612
1580,40.520026,-85.637496
1581,42.720152,-87.816199
1582,38.14556 ,-94.8132 
1583,37.085671,-89.181052
1584,38.918299,-90.195897
1585,41.545250,-90.551443
1586,41.000672,-81.814036
1587,41.132541,-96.136398
1588,39.931592,-91.356151
1589,41.517973,-90.541186
1590,41.5180040,-90.5661370
1591,37.174008,-93.264365
1592,39.075156,-94.582946
1593,43.024490,-87.978190
1594,41.488099,-81.642604
1595,39.481479,-87.415309
1596,35.255955,-118.669300
1597,42.4659553,-122.7890561
1598,32.79856043,-108.1536652
1599,61.266513,-149.681996
1600,32.690555,-117.245054
1601,37.634087,-122.427431
1602,34.058175,-118.453393
1603,32.872090,-117.192278
1604,33.6951441,-112.0285920
1605,21.3129940,-157.8459440
1606,34.546453,-112.450538
1607,33.886463,-117.285203
1608,43.223333,-123.365164
1609,38.416879,-121.878387
1610,37.801036,-122.462454
1611,37.121110,-121.056825
1612,35.69613501,-105.95153
1613,57.053990,-135.322847
1614,47.387082,-122.093271
1615,45.462200,-122.540480
1616,39.2880830,-76.6174860
1617,42.361778,-71.060064
1618,42.888878,-78.879005
1619,41.7013370,-72.7401600
1620,38.4199561,-82.4482618
1621,42.9881398,-71.4606722
1622,40.7285842,-74.0052196
1623,40.7425501,-74.1703075
1624,40.017103,-75.174498
1625,40.4436548,-79.9952415
1626,37.2683520,-79.9443200
1627,44.2801,-69.7036
1628,41.8211100,-71.4146610
1629,38.9013132,-77.0407967
1630,43.6504596,-72.3227666
1631,39.7396690,-75.6071770
1632,36.0926186,-80.2430143
1633,,
1634,,
1635,38.989553,-76.492004
1636,,
1637,,
1638,,
1639,,
1640,,
1641,,
1642,,
1643,,
1644,,
1645,,
1646,,
1647,,
1648,39.437750,-77.419616
1649,,
1650,,
1651,,
1652,,
1653,,
1654,,
1655,,
1656,,
1657,,
1658,,
1659,,
1660,,
1661,,
1662,,
1663,,
1664,,
1665,,
1666,,
1667,,
1668,,
1669,,
1670,,
1671,,
1672,37.2683520,-79.9443200
1673,33.8037140,-84.3112400
1674,33.978611,-80.964056
1675,38.2564908,-85.7551677
1676,32.3743776,-86.2464220
1677,36.1577092,-86.7829646
1678,18.416753,-66.109629
1679,27.813118,-82.771334
1680,,
1681,,
1682,,
1683,,
1684,,
1685,,
1686,,
1687,,
1688,,
1689,,
1690,,
1691,,
1692,,
1693,,
1694,,
1695,,
1696,,
1697,,
1698,,
1699,,
1700,,
1701,,
1702,,
1703,,
1704,,
1705,,
1706,,
1707,,
1708,,
1709,,
1710,33.8037140,-84.3112400
1711,27.813118,-82.771334
1712,41.8693260,-87.6792400
1713,41.5051630,-81.6916320
1714,41.5861010,-93.6203550
1715,42.3311530,-83.0532210
1716,46.9064719,-96.7768678
1717,39.7747490,-86.1550770
1718,40.754409,-96.665869
1719,43.0187904,-87.9802916
1720,43.5330880,-96.7275210
1721,38.6260307,-90.2073252
1722,44.893884,-93.195562
1723,37.6797590,-97.2720465
1724,38.6913880,-90.2670710
1725,,
1726,,
1727,,
1728,,
1729,41.118417,-95.913041
1730,,
1731,,
1732,,
1733,41.5051630,-81.6916320
1734,44.893884,-93.195562
1735,41.1457277,-104.7876932
1736,39.7161020,-105.1382380
1737,46.608236,-112.088013
1738,29.7024585,-95.3858083
1739,32.3267885,-90.1701704
1740,35.7476419,-95.3695451
1741,29.951020,-90.076755
1742,34.7730341,-92.2913194
1743,40.7570256,-111.8357133
1744,31.5511860,-97.1287317
1745,,
1746,,
1747,,
1748,,
1749,,
1750,,
1751,,
1752,,
1753,,
1754,,
1755,,
1756,,
1757,,
1758,,
1759,,
1760,,
1761,,
1762,,
1763,,
1764,,
1765,,
1766,,
1767,,
1768,,
1769,,
1770,,
1771,,
1772,,
1773,,
1774,39.7161020,-105.1382380
1775,29.7024585,-95.3858083
1776,35.0837122,-106.6530126
1777,61.209713,-149.826518
1778,43.619316,-116.194046
1779,21.3619542,-157.8893726
1780,34.0577950,-118.4477629
1781,14.544311,120.991466
1782,37.8048790,-122.2746040
1783,33.4866741,-112.0737807
1784,45.514948,-122.675443
1785,39.4675357,-119.7647282
1786,32.7758017,-117.1408037
1787,47.6045372,-122.3345672
1788,,
1789,39.1130021,-121.4079988
1790,33.420941,-117.432145
1791,,
1792,,
1793,,
1794,,
1795,,
1796,,
1797,,
1798,,
1799,,
1800,,
1801,,
1802,,
1803,,
1804,,
1805,,
1806,,
1807,,
1808,,
1809,,
1810,,
1811,,
1812,,
1813,,
1814,,
1815,,
1816,,
1817,,
1818,,
1819,,
1820,,
1821,,
1822,,
1823,,
1824,,
1825,,
1826,,
1827,,
1828,,
1829,,
1830,,
1831,,
1832,21.3619542,-157.8893726
1833,33.4866741,-112.0737807
1834,,
1835,30.2289740,-97.7587170
1836,38.9008000,-77.0348624
1837,38.9008000,-77.0348624
1838,38.9008000,-77.0348624
1839,38.9008000,-77.0348624
1840,42.306959,-87.858760
1841,38.993344,-77.033076
1842,38.094966,-122.266877
1843,38.9008000,-77.0348624
1844,38.9008000,-77.0348624
1845,38.901647,-77.016942
1846,38.9008000,-77.0348624
1847,38.9008000,-77.0348624
1848,38.9008000,-77.0348624
1849,38.9008000,-77.0348624
1850,38.9008000,-77.0348624
1851,39.3794447,-77.4012202
1852,39.7088240,-104.9425430
1853,38.9008000,-77.0348624
1854,38.900624,-77.034763
1855,39.71603572,-105.1371013
1856,39.7747490,-86.1550770
1857,40.0191482,-75.1741162
1858,37.8048790,-122.2746040
1859,33.8037140,-84.3112400
1860,39.716763,-105.137525
1861,35.7476419,-95.3695451
1862,40.020118,-75.176255
1863,33.4866741,-112.0737807
1864,36.1396723,-86.8188127
1865,42.502902,-71.272671
1866,39.2754950,-84.3479740
1867,42.2836000,-83.7455000
1868,41.84538,-87.902834
1869,39.0999114,-94.5821302
1870,32.4036336,-90.1235467
1871,32.7624760,-97.0688430
1872,33.277124,-111.784332
1873,39.6960190,-104.9384730
1874,42.6495690,-73.7745880
1875,45.639338,-122.657847
1876,38.116391,-122.287794
1877,33.766501,-118.200359
1878,44.855139,-93.130422
1879,40.868823,-73.903038
1880,40.445975,-80.010692
1881,39.205523,-76.672221
1882,35.9984330,-78.9024620
1883,27.892665,-82.656659
1884,36.1525330,-86.7960559
1885,33.9457900,-84.1282210
